[
  {"id":1,"imgs":"['images/sj/72.jpg','images/sj/74.jpg','images/sj/73.jpg','images/sj/66.jpg','images/sj/57.jpg','images/sj/48.jpg']","name":"HUAWEI nova3","details":"","price":2999,"img":"images/sj/1.jpg"},
  {"id":2,"imgs":"['images/sj/72.jpg','images/sj/74.jpg','images/sj/73.jpg','images/sj/66.jpg','images/sj/57.jpg','images/sj/48.jpg']","name":"荣耀10","details":"","price":2299,"img":"images/sj/2.jpg"},
  {"id":3,"imgs":"['images/sj/72.jpg','images/sj/74.jpg','images/sj/73.jpg','images/sj/66.jpg','images/sj/57.jpg','images/sj/48.jpg']","name":"HUAWEI P20","details":"","price":3388,"img":"images/sj/3.jpg"},
  {"id":4,"imgs":"['images/sj/72.jpg','images/sj/74.jpg','images/sj/73.jpg','images/sj/66.jpg','images/sj/57.jpg','images/sj/48.jpg']","name":"荣耀8X","details":"","price":1399,"img":"images/sj/4.jpg"},
  {"id":5,"imgs":"['images/sj/72.jpg','images/sj/74.jpg','images/sj/73.jpg','images/sj/66.jpg','images/sj/57.jpg','images/sj/48.jpg']","name":"HUAWEI METEBOOK X Pro","details":"","price":7988,"img":"images/sj/5.jpg"},
  {"id":6,"imgs":"['images/sj/72.jpg','images/sj/74.jpg','images/sj/73.jpg','images/sj/66.jpg','images/sj/57.jpg','images/sj/48.jpg']","name":"荣耀MagicBook","details":"","price":5699,"img":"images/sj/6.png"},
  {"id":7,"imgs":"['images/sj/72.jpg','images/sj/74.jpg','images/sj/73.jpg','images/sj/66.jpg','images/sj/57.jpg','images/sj/48.jpg']","name":"华为平板 M5 8.4英寸","details":"","price":2488,"img":"images/sj/7.jpg"},
  {"id":8,"imgs":"['images/sj/72.jpg','images/sj/74.jpg','images/sj/73.jpg','images/sj/66.jpg','images/sj/57.jpg','images/sj/48.jpg']","name":"荣耀平板5","details":"","price":1399,"img":"images/sj/8.png"},
  {"id":9,"imgs":"['images/sj/72.jpg','images/sj/74.jpg','images/sj/73.jpg','images/sj/66.jpg','images/sj/57.jpg','images/sj/48.jpg']","name":"华为手环 B5","details":"","price":999,"img":"images/sj/9.jpg"},
  {"id":10,"imgs":"['images/sj/72.jpg','images/sj/74.jpg','images/sj/73.jpg','images/sj/66.jpg','images/sj/57.jpg','images/sj/48.jpg']","name":"荣耀手环4 标准版","details":"","price":199,"img":"images/sj/10.jpg"},
  {"id":11,"imgs":"['images/sj/72.jpg','images/sj/74.jpg','images/sj/73.jpg','images/sj/66.jpg','images/sj/57.jpg','images/sj/48.jpg']","name":"HUAWEI WATCH  2 Pro","details":"","price":2288,"img":"images/sj/11.jpg"},
  {"id":12,"imgs":"['images/sj/72.jpg','images/sj/74.jpg','images/sj/73.jpg','images/sj/66.jpg','images/sj/57.jpg','images/sj/48.jpg']","name":"华为手环4 Running版","details":"","price":99,"img":"images/sj/12.jpg"},
  {"id":13,"imgs":"['images/sj/72.jpg','images/sj/74.jpg','images/sj/73.jpg','images/sj/66.jpg','images/sj/57.jpg','images/sj/48.jpg']","name":"荣耀路由2S","details":"","price":199,"img":"images/sj/13.jpg"},
  {"id":14,"imgs":"['images/sj/72.jpg','images/sj/74.jpg','images/sj/73.jpg','images/sj/66.jpg','images/sj/57.jpg','images/sj/48.jpg']","name":"荣耀路由WS5100","details":"","price":159,"img":"images/sj/14.jpg"},
  {"id":15,"imgs":"['images/sj/72.jpg','images/sj/74.jpg','images/sj/73.jpg','images/sj/66.jpg','images/sj/57.jpg','images/sj/48.jpg']","name":"荣耀路由2","details":"","price":199,"img":"images/sj/15.jpg"},
  {"id":16,"imgs":"['images/sj/72.jpg','images/sj/74.jpg','images/sj/73.jpg','images/sj/66.jpg','images/sj/57.jpg','images/sj/48.jpg']","name":"荣耀路由 Q2","details":"","price":799,"img":"images/sj/15.jpg"},
  {"id":17,"imgs":"['images/sj/72.jpg','images/sj/74.jpg','images/sj/73.jpg','images/sj/66.jpg','images/sj/57.jpg','images/sj/48.jpg']","name":"华为1000mAh 移动电源 充电宝","details":"","price":159,"img":"images/sj/17.jpg"},
  {"id":18,"imgs":"['images/sj/72.jpg','images/sj/74.jpg','images/sj/73.jpg','images/sj/66.jpg','images/sj/57.jpg','images/sj/48.jpg']","name":"荣耀xSport运动蓝牙耳机","details":"","price":229,"img":"images/sj/18.jpg"},
  {"id":19,"imgs":"['images/sj/72.jpg','images/sj/74.jpg','images/sj/73.jpg','images/sj/66.jpg','images/sj/57.jpg','images/sj/48.jpg']","name":"华为体脂秤","details":"","price":129,"img":"images/sj/19.jpg"},
  {"id":20,"imgs":"['images/sj/72.jpg','images/sj/74.jpg','images/sj/73.jpg','images/sj/66.jpg','images/sj/57.jpg','images/sj/48.jpg']","name":"荣耀心眼耳机","details":"","price":129,"img":"images/sj/20.jpg"},
  {"id":21,"imgs":"['images/sj/72.jpg','images/sj/74.jpg','images/sj/73.jpg','images/sj/66.jpg','images/sj/57.jpg','images/sj/48.jpg']","name":"HUAWEI P20 Pro手机导航套件","details":"","price":199,"img":"images/sj/21.jpg"},
  {"id":22,"imgs":"['images/sj/72.jpg','images/sj/74.jpg','images/sj/73.jpg','images/sj/66.jpg','images/sj/57.jpg','images/sj/48.jpg']","name":"荣耀9 炫彩保护壳","details":"","price":109,"img":"images/sj/22.jpg"},
  {"id":23,"imgs":"['images/sj/72.jpg','images/sj/74.jpg','images/sj/73.jpg','images/sj/66.jpg','images/sj/57.jpg','images/sj/48.jpg']","name":"HUAWEI Mate Rs 保时捷设计","details":"","price":1999,"img":"images/sj/23.jpg"},
  {"id":24,"imgs":"['images/sj/72.jpg','images/sj/74.jpg','images/sj/73.jpg','images/sj/66.jpg','images/sj/57.jpg','images/sj/48.jpg']","name":"荣耀V10 PU磁吸保护套","details":"","price":1999,"img":"images/sj/24.jpg"},
  {"id":25,"imgs":"['images/sj/72.jpg','images/sj/74.jpg','images/sj/73.jpg','images/sj/66.jpg','images/sj/57.jpg','images/sj/48.jpg']","name":"荣耀畅玩3C","details":"定金预定享受权益 标配送耳机","price":1099,"img":"images/sj/25.jpg"},
  {"id":26,"imgs":"['images/sj/72.jpg','images/sj/74.jpg','images/sj/73.jpg','images/sj/66.jpg','images/sj/57.jpg','images/sj/48.jpg']","name":"荣耀畅玩3C","details":"定金预定享受权益 标配送耳机","price":3388,"img":"images/sj/26.jpg"},
  {"id":27,"imgs":"['images/sj/72.jpg','images/sj/74.jpg','images/sj/73.jpg','images/sj/66.jpg','images/sj/57.jpg','images/sj/48.jpg']","name":"荣耀畅玩3C","details":"定金预定享受权益 标配送耳机","price":2299,"img":"images/sj/27.jpg"},
  {"id":28,"imgs":"['images/sj/72.jpg','images/sj/74.jpg','images/sj/73.jpg','images/sj/66.jpg','images/sj/57.jpg','images/sj/48.jpg']","name":"荣耀畅玩3C","details":"定金预定享受权益 标配送耳机","price":3599,"img":"images/sj/28.jpg"},
  {"id":29,"imgs":"['images/sj/72.jpg','images/sj/74.jpg','images/sj/73.jpg','images/sj/66.jpg','images/sj/57.jpg','images/sj/48.jpg']","name":"荣耀畅玩3C","details":"定金预定享受权益 标配送耳机","price":1799,"img":"images/sj/29.png"},
  {"id":30,"imgs":"['images/sj/72.jpg','images/sj/74.jpg','images/sj/73.jpg','images/sj/66.jpg','images/sj/57.jpg','images/sj/48.jpg']","name":"荣耀畅玩3C","details":"定金预定享受权益 标配送耳机","price":2399,"img":"images/sj/30.jpg"},
  {"id":31,"imgs":"['images/sj/72.jpg','images/sj/74.jpg','images/sj/73.jpg','images/sj/66.jpg','images/sj/57.jpg','images/sj/48.jpg']","name":"荣耀畅玩3C","details":"定金预定享受权益 标配送耳机","price":1499,"img":"images/sj/31.jpg"},
  {"id":32,"imgs":"['images/sj/72.jpg','images/sj/74.jpg','images/sj/73.jpg','images/sj/66.jpg','images/sj/57.jpg','images/sj/48.jpg']","name":"荣耀畅玩3C","details":"定金预定享受权益 标配送耳机","price":9999,"img":"images/sj/32.jpg"},
  {"id":33,"imgs":"['images/sj/72.jpg','images/sj/74.jpg','images/sj/73.jpg','images/sj/66.jpg','images/sj/57.jpg','images/sj/48.jpg']","name":"荣耀V10","details":"最高优惠1000元 尊享版大礼包","price":1899,"img":"images/sj/33.jpg"},
  {"id":34,"imgs":"['images/sj/72.jpg','images/sj/74.jpg','images/sj/73.jpg','images/sj/66.jpg','images/sj/57.jpg','images/sj/48.jpg']","name":"荣耀V10","details":"最高优惠1000元 尊享版大礼包","price":1299,"img":"images/sj/34.jpg"},
  {"id":35,"imgs":"['images/sj/72.jpg','images/sj/74.jpg','images/sj/73.jpg','images/sj/66.jpg','images/sj/57.jpg','images/sj/48.jpg']","name":"荣耀V10","details":"最高优惠1000元 尊享版大礼包","price":999,"img":"images/sj/35.png"},
  {"id":36,"imgs":"['images/sj/72.jpg','images/sj/74.jpg','images/sj/73.jpg','images/sj/66.jpg','images/sj/57.jpg','images/sj/48.jpg']","name":"荣耀V10","details":"最高优惠1000元 尊享版大礼包","price":1699,"img":"images/sj/36.jpg"},
  {"id":37,"imgs":"['images/sj/72.jpg','images/sj/74.jpg','images/sj/73.jpg','images/sj/66.jpg','images/sj/57.jpg','images/sj/48.jpg']","name":"荣耀V10","details":"最高优惠1000元 尊享版大礼包","price":3399,"img":"images/sj/37.jpg"},
  {"id":38,"imgs":"['images/sj/72.jpg','images/sj/74.jpg','images/sj/73.jpg','images/sj/66.jpg','images/sj/57.jpg','images/sj/48.jpg']","name":"荣耀V10","details":"最高优惠1000元 尊享版大礼包","price":699,"img":"images/sj/38.jpg"},
  {"id":39,"imgs":"['images/sj/72.jpg','images/sj/74.jpg','images/sj/73.jpg','images/sj/66.jpg','images/sj/57.jpg','images/sj/48.jpg']","name":"荣耀V10","details":"最高优惠1000元 尊享版大礼包","price":899,"img":"images/sj/39.png"},
  {"id":40,"imgs":"['images/sj/72.jpg','images/sj/74.jpg','images/sj/73.jpg','images/sj/66.jpg','images/sj/57.jpg','images/sj/48.jpg']","name":"荣耀V10","details":"最高优惠1000元 尊享版大礼包","price":999,"img":"images/sj/40.jpg"},
  {"id":41,"imgs":"['images/sj/72.jpg','images/sj/74.jpg','images/sj/73.jpg','images/sj/66.jpg','images/sj/57.jpg','images/sj/48.jpg']","name":"荣耀V10","details":"最高优惠1000元 尊享版大礼包","price":799,"img":"images/sj/41.jpg"},
  {"id":42,"imgs":"['images/sj/72.jpg','images/sj/74.jpg','images/sj/73.jpg','images/sj/66.jpg','images/sj/57.jpg','images/sj/48.jpg']","name":"荣耀V10","details":"最高优惠1000元 尊享版大礼包","price":1599,"img":"images/sj/42.png"},
  {"id":43,"imgs":"['images/sj/72.jpg','images/sj/74.jpg','images/sj/73.jpg','images/sj/66.jpg','images/sj/57.jpg','images/sj/48.jpg']","name":"荣耀V10","details":"最高优惠1000元 尊享版大礼包","price":2599,"img":"images/sj/43.jpg"},
  {"id":44,"imgs":"['images/sj/72.jpg','images/sj/74.jpg','images/sj/73.jpg','images/sj/66.jpg','images/sj/57.jpg','images/sj/48.jpg']","name":"荣耀MagicBook","details":"购机享6期免息","price":4999,"img":"images/sj/44.png"},
  {"id":45,"imgs":"['images/sj/72.jpg','images/sj/74.jpg','images/sj/73.jpg','images/sj/66.jpg','images/sj/57.jpg','images/sj/48.jpg']","name":"荣耀MagicBook","details":"购机享6期免息","price":6488,"img":"images/sj/45.jpg"},
  {"id":46,"imgs":"['images/sj/72.jpg','images/sj/74.jpg','images/sj/73.jpg','images/sj/66.jpg','images/sj/57.jpg','images/sj/48.jpg']","name":"荣耀MagicBook","details":"购机享6期免息","price":3999,"img":"images/sj/46.png"},
  {"id":47,"imgs":"['images/sj/72.jpg','images/sj/74.jpg','images/sj/73.jpg','images/sj/66.jpg','images/sj/57.jpg','images/sj/48.jpg']","name":"荣耀MagicBook","details":"购机享6期免息","price":6188,"img":"images/sj/47.png"},
  {"id":48,"imgs":"['images/sj/72.jpg','images/sj/74.jpg','images/sj/73.jpg','images/sj/66.jpg','images/sj/57.jpg','images/sj/48.jpg']","name":"荣耀MagicBook","details":"购机享6期免息","price":4999,"img":"images/sj/48.jpg"},
  {"id":49,"imgs":"['images/sj/72.jpg','images/sj/74.jpg','images/sj/73.jpg','images/sj/66.jpg','images/sj/57.jpg','images/sj/48.jpg']","name":"荣耀MagicBook","details":"购机享6期免息","price":4988,"img":"images/sj/49.jpg"},
  {"id":50,"imgs":"['images/sj/72.jpg','images/sj/74.jpg','images/sj/73.jpg','images/sj/66.jpg','images/sj/57.jpg','images/sj/48.jpg']","name":"荣耀MagicBook","details":"购机享6期免息","price":8688,"img":"images/sj/50.jpg"},
  {"id":51,"imgs":"['images/sj/72.jpg','images/sj/74.jpg','images/sj/73.jpg','images/sj/66.jpg','images/sj/57.jpg','images/sj/48.jpg']","name":"华为平板 M5 10.8英寸","details":"护眼蓝光高清大屏","price":2488,"img":"images/sj/51.jpg"},
  {"id":52,"imgs":"['images/sj/72.jpg','images/sj/74.jpg','images/sj/73.jpg','images/sj/66.jpg','images/sj/57.jpg','images/sj/48.jpg']","name":"华为平板 M5 10.8英寸","details":"护眼蓝光高清大屏","price":1699,"img":"images/sj/52.jpg"},
  {"id":53,"imgs":"['images/sj/72.jpg','images/sj/74.jpg','images/sj/73.jpg','images/sj/66.jpg','images/sj/57.jpg','images/sj/48.jpg']","name":"华为平板 M5 10.8英寸","details":"护眼蓝光高清大屏","price":2088,"img":"images/sj/53.jpg"},
  {"id":54,"imgs":"['images/sj/72.jpg','images/sj/74.jpg','images/sj/73.jpg','images/sj/66.jpg','images/sj/57.jpg','images/sj/48.jpg']","name":"华为平板 M5 10.8英寸","details":"护眼蓝光高清大屏","price":1299,"img":"images/sj/54.jpg"},
  {"id":55,"imgs":"['images/sj/72.jpg','images/sj/74.jpg','images/sj/73.jpg','images/sj/66.jpg','images/sj/57.jpg','images/sj/48.jpg']","name":"华为平板 M5 10.8英寸","details":"护眼蓝光高清大屏","price":3488,"img":"images/sj/55.jpg"},
  {"id":56,"imgs":"['images/sj/72.jpg','images/sj/74.jpg','images/sj/73.jpg','images/sj/66.jpg','images/sj/57.jpg','images/sj/48.jpg']","name":"华为平板 M5 10.8英寸","details":"护眼蓝光高清大屏","price":1099,"img":"images/sj/56.png"},
  {"id":57,"imgs":"['images/sj/72.jpg','images/sj/74.jpg','images/sj/73.jpg','images/sj/66.jpg','images/sj/57.jpg','images/sj/48.jpg']","name":"华为平板 M5 10.8英寸","details":"护眼蓝光高清大屏","price":1699,"img":"images/sj/57.jpg"},
  {"id":58,"imgs":"['images/sj/72.jpg','images/sj/74.jpg','images/sj/73.jpg','images/sj/66.jpg','images/sj/57.jpg','images/sj/48.jpg']","name":"华为手环 B5","details":"彩屏健康手环","price":999,"img":"images/sj/58.jpg"},
  {"id":59,"imgs":"['images/sj/72.jpg','images/sj/74.jpg','images/sj/73.jpg','images/sj/66.jpg','images/sj/57.jpg','images/sj/48.jpg']","name":"华为手环 B5","details":"最高优惠1000元 尊享版大礼包","price":2288,"img":"images/sj/59.jpg"},
  {"id":60,"imgs":"['images/sj/72.jpg','images/sj/74.jpg','images/sj/73.jpg','images/sj/66.jpg','images/sj/57.jpg','images/sj/48.jpg']","name":"华为手环 B5","details":"彩屏健康手环","price":99,"img":"images/sj/60.jpg"},
  {"id":61,"imgs":"['images/sj/72.jpg','images/sj/74.jpg','images/sj/73.jpg','images/sj/66.jpg','images/sj/57.jpg','images/sj/48.jpg']","name":"华为手环 B5","details":"最高优惠1000元 尊享版大礼包","price":1388,"img":"images/sj/61.jpg"},
  {"id":62,"imgs":"['images/sj/72.jpg','images/sj/74.jpg','images/sj/73.jpg','images/sj/66.jpg','images/sj/57.jpg','images/sj/48.jpg']","name":"华为手环 B5","details":"最高优惠1000元 尊享版大礼包","price":139,"img":"images/sj/62.png"},
  {"id":63,"imgs":"['images/sj/72.jpg','images/sj/74.jpg','images/sj/73.jpg','images/sj/66.jpg','images/sj/57.jpg','images/sj/48.jpg']","name":"华为手环 B5","details":"彩屏健康手环","price":688,"img":"images/sj/63.jpg"},
  {"id":64,"imgs":"['images/sj/72.jpg','images/sj/74.jpg','images/sj/73.jpg','images/sj/66.jpg','images/sj/57.jpg','images/sj/48.jpg']","name":"荣耀路由2S(白色)","details":"4颗信号放大器 信号更穿墙","price":199,"img":"images/sj/64.jpg"},
  {"id":65,"imgs":"['images/sj/72.jpg','images/sj/74.jpg','images/sj/73.jpg','images/sj/66.jpg','images/sj/57.jpg','images/sj/48.jpg']","name":"荣耀路由2S(白色)","details":"最高优惠1000元 尊享版大礼包","price":199,"img":"images/sj/65.jpg"},
  {"id":66,"imgs":"['images/sj/72.jpg','images/sj/74.jpg','images/sj/73.jpg','images/sj/66.jpg','images/sj/57.jpg','images/sj/48.jpg']","name":"荣耀路由2S(白色)","details":"4颗信号放大器 信号更穿墙","price":99,"img":"images/sj/66.jpg"},
  {"id":67,"imgs":"['images/sj/72.jpg','images/sj/74.jpg','images/sj/73.jpg','images/sj/66.jpg','images/sj/57.jpg','images/sj/48.jpg']","name":"荣耀路由2S(白色)","details":"最高优惠1000元 尊享版大礼包","price":159,"img":"images/sj/67.png"},
  {"id":68,"imgs":"['images/sj/72.jpg','images/sj/74.jpg','images/sj/73.jpg','images/sj/66.jpg','images/sj/57.jpg','images/sj/48.jpg']","name":"荣耀路由2S(白色)","details":"最高优惠1000元 尊享版大礼包","price":799,"img":"images/sj/68.jpg"},
  {"id":69,"imgs":"['images/sj/72.jpg','images/sj/74.jpg','images/sj/73.jpg','images/sj/66.jpg','images/sj/57.jpg','images/sj/48.jpg']","name":"荣耀路由2S(白色)","details":"4颗信号放大器 信号更穿墙","price":328,"img":"images/sj/69.png"},
  {"id":70,"imgs":"['images/sj/72.jpg','images/sj/74.jpg','images/sj/73.jpg','images/sj/66.jpg','images/sj/57.jpg','images/sj/48.jpg']","name":"荣耀xSport运动蓝牙耳机","details":"直降20元领券更优惠","price":229,"img":"images/sj/70.jpg"},
  {"id":71,"imgs":"['images/sj/72.jpg','images/sj/74.jpg','images/sj/73.jpg','images/sj/66.jpg','images/sj/57.jpg','images/sj/48.jpg']","name":"荣耀xSport运动蓝牙耳机","details":"最高优惠1000元 尊享版大礼包","price":129,"img":"images/sj/71.png"},
  {"id":72,"imgs":"['images/sj/72.jpg','images/sj/74.jpg','images/sj/73.jpg','images/sj/66.jpg','images/sj/57.jpg','images/sj/48.jpg']","name":"荣耀xSport运动蓝牙耳机","details":"直降20元领券更优惠","price":129,"img":"images/sj/72.jpg"},
  {"id":73,"imgs":"['images/sj/72.jpg','images/sj/74.jpg','images/sj/73.jpg','images/sj/66.jpg','images/sj/57.jpg','images/sj/48.jpg']","name":"荣耀xSport运动蓝牙耳机","details":"最高优惠1000元 尊享版大礼包","price":339,"img":"images/sj/73.jpg"},
  {"id":74,"imgs":"['images/sj/72.jpg','images/sj/74.jpg','images/sj/73.jpg','images/sj/66.jpg','images/sj/57.jpg','images/sj/48.jpg']","name":"荣耀xSport运动蓝牙耳机","details":"直降20元领券更优惠","price":139,"img":"images/sj/74.jpg"},
  {"id":75,"imgs":"['images/sj/72.jpg','images/sj/74.jpg','images/sj/73.jpg','images/sj/66.jpg','images/sj/57.jpg','images/sj/48.jpg']","name":"荣耀xSport运动蓝牙耳机","details":"最高优惠1000元 尊享版大礼包","price":89,"img":"images/sj/75.jpg"},
  {"id":76,"imgs":"['images/sj/72.jpg','images/sj/74.jpg','images/sj/73.jpg','images/sj/66.jpg','images/sj/57.jpg','images/sj/48.jpg']","name":"海雀智能摄像头H1","details":"成就多样智慧生活方式","price":259,"img":"images/sj/76.jpg"},
  {"id":77,"imgs":"['images/sj/72.jpg','images/sj/74.jpg','images/sj/73.jpg','images/sj/66.jpg','images/sj/57.jpg','images/sj/48.jpg']","name":"海雀智能摄像头H1","details":"成就多样智慧生活方式","price":89,"img":"images/sj/77.png"},
  {"id":78,"imgs":"['images/sj/72.jpg','images/sj/74.jpg','images/sj/73.jpg','images/sj/66.jpg','images/sj/57.jpg','images/sj/48.jpg']","name":"海雀智能摄像头H1","details":"成就多样智慧生活方式","price":459,"img":"images/sj/78.png"},
  {"id":79,"imgs":"['images/sj/72.jpg','images/sj/74.jpg','images/sj/73.jpg','images/sj/66.jpg','images/sj/57.jpg','images/sj/48.jpg']","name":"海雀智能摄像头H1","details":"成就多样智慧生活方式","price":1599,"img":"images/sj/79.jpg"},
  {"id":80,"imgs":"['images/sj/72.jpg','images/sj/74.jpg','images/sj/73.jpg','images/sj/66.jpg','images/sj/57.jpg','images/sj/48.jpg']","name":"海雀智能摄像头H1","details":"成就多样智慧生活方式","price":449,"img":"images/sj/80.jpg"},
  {"id":81,"imgs":"['images/sj/72.jpg','images/sj/74.jpg','images/sj/73.jpg','images/sj/66.jpg','images/sj/57.jpg','images/sj/48.jpg']","name":"海雀智能摄像头H1","details":"成就多样智慧生活方式","price":269,"img":"images/sj/81.jpg"},
  {"id":82,"name":"海雀智能摄像头H1","details":"成就多样智慧生活方式","price":269,"img":"images/sj/81.jpg","imgs":"['images/sj/72.jpg','images/sj/74.jpg','images/sj/73.jpg','images/sj/66.jpg','images/sj/57.jpg','images/sj/48.jpg']"}
]